{"version": "4.2.9", "flags": {}, "shapes": [{"label": "disease", "points": [[387, 200], [386, 201], [386, 212], [387, 236], [369, 242], [381, 257], [409, 268], [427, 268], [438, 238], [448, 224], [442, 194], [416, 203], [410, 214], [400, 212], [392, 202]], "group_id": null, "shape_type": "polygon"}, {"label": "disease", "points": [[13, 700], [20, 715], [36, 735], [48, 732], [67, 724], [69, 707], [63, 696], [48, 683], [12, 697]], "group_id": null, "shape_type": "polygon"}, {"label": "disease", "points": [[1759, 641], [1756, 655], [1750, 684], [1755, 715], [1770, 713], [1788, 695], [1795, 667], [1805, 652], [1791, 638], [1783, 629], [1756, 644]], "group_id": null, "shape_type": "polygon"}, {"label": "disease", "points": [[1423, 771], [1417, 790], [1408, 808], [1432, 810], [1454, 785], [1455, 755], [1422, 772]], "group_id": null, "shape_type": "polygon"}], "imagePath": "Hilera_2_2_36_2_frame1260.jpg", "imageData": "test", "imageHeight": 600, "imageWidth": 800}