{"version": "4.2.9", "flags": {}, "shapes": [{"label": "disease", "points": [[242, 634], [243, 634], [240, 649], [251, 653], [261, 659], [271, 670], [281, 678], [290, 680], [293, 689], [297, 709], [304, 714], [328, 749], [341, 744], [355, 727], [361, 714], [359, 680], [347, 668], [343, 650], [237, 634]], "group_id": null, "shape_type": "polygon"}, {"label": "disease", "points": [[380, 654], [382, 672], [393, 678], [399, 691], [411, 702], [422, 709], [435, 705], [433, 694], [440, 677], [440, 673], [430, 662], [426, 655], [405, 653], [382, 653]], "group_id": null, "shape_type": "polygon"}, {"label": "disease", "points": [[938, 644], [928, 658], [933, 665], [934, 679], [934, 684], [938, 690], [946, 701], [955, 702], [962, 692], [971, 692], [993, 686], [986, 670], [982, 658], [970, 644], [963, 641], [933, 646]], "group_id": null, "shape_type": "polygon"}, {"label": "disease", "points": [[1056, 652], [1045, 655], [1035, 656], [1034, 670], [1042, 682], [1047, 686], [1058, 691], [1064, 683], [1077, 695], [1086, 702], [1098, 711], [1106, 701], [1106, 686], [1124, 676], [1118, 662], [1096, 655], [1051, 647]], "group_id": null, "shape_type": "polygon"}], "imagePath": "Hilera_2_2_36_2_frame1800.jpg", "imageData": "test", "imageHeight": 600, "imageWidth": 800}