{"version": "4.2.9", "flags": {}, "shapes": [{"label": "disease", "points": [[411, 267], [408, 269], [402, 271], [398, 283], [391, 290], [396, 297], [415, 297], [438, 297], [445, 287], [435, 286], [428, 285], [420, 285], [414, 266]], "group_id": null, "shape_type": "polygon"}, {"label": "disease", "points": [[1234, 702], [1223, 712], [1213, 721], [1207, 731], [1209, 743], [1214, 755], [1218, 763], [1221, 775], [1231, 785], [1241, 806], [1247, 785], [1256, 761], [1268, 745], [1268, 731], [1264, 724], [1253, 714], [1230, 702]], "group_id": null, "shape_type": "polygon"}], "imagePath": "Hilera_2_2_36_2_frame1080.jpg", "imageData": "test", "imageHeight": 600, "imageWidth": 800}