{"version": "4.2.9", "flags": {}, "shapes": [{"label": "disease", "points": [[1053, 672], [1052, 689], [1045, 699], [1056, 708], [1062, 717], [1071, 717], [1081, 726], [1098, 727], [1099, 713], [1094, 702], [1092, 690], [1099, 677], [1053, 662]], "group_id": null, "shape_type": "polygon"}, {"label": "disease", "points": [[1300, 665], [1301, 686], [1316, 683], [1324, 688], [1341, 665], [1337, 654], [1326, 644], [1294, 647], [1298, 668]], "group_id": null, "shape_type": "polygon"}], "imagePath": "Hilera_2_2_36_2_frame1620.jpg", "imageData": "test", "imageHeight": 600, "imageWidth": 800}