{"version": "4.2.9", "flags": {}, "shapes": [{"label": "disease", "points": [[594, 699], [568, 687], [563, 706], [567, 730], [553, 753], [548, 766], [565, 808], [580, 799], [591, 770], [599, 756], [599, 747]], "group_id": null, "shape_type": "polygon"}, {"label": "disease", "points": [[604, 763], [642, 737], [666, 765], [687, 777], [730, 766], [735, 785], [715, 823], [711, 844], [709, 858], [665, 875], [647, 880], [625, 889], [608, 894], [598, 895], [575, 894], [567, 876], [572, 844], [582, 820]], "group_id": null, "shape_type": "polygon"}, {"label": "disease", "points": [[1031, 467], [1013, 477], [1009, 501], [1000, 523], [1006, 551], [1021, 572], [1028, 572], [1045, 554], [1059, 532], [1050, 505], [1054, 482], [1056, 479]], "group_id": null, "shape_type": "polygon"}], "imagePath": "Hilera_1_4_8_1.avi_frame360.jpg", "imageData": "test", "imageHeight": 600, "imageWidth": 800}