{"version": "4.2.9", "flags": {}, "shapes": [{"label": "disease", "points": [[1195, 790], [1174, 808], [1173, 825], [1181, 859], [1192, 866], [1221, 871], [1226, 852], [1228, 830], [1217, 802]], "group_id": null, "shape_type": "polygon"}, {"label": "disease", "points": [[503, 291], [499, 260], [477, 234], [468, 224], [451, 224], [437, 238], [446, 276], [449, 303], [456, 329], [461, 332], [467, 336], [503, 322], [518, 319], [518, 310]], "group_id": null, "shape_type": "polygon"}, {"label": "disease", "points": [[511, 561], [496, 554], [484, 549], [470, 551], [463, 553], [463, 575], [479, 616], [501, 606], [527, 613], [534, 608], [534, 587], [534, 579]], "group_id": null, "shape_type": "polygon"}, {"label": "disease", "points": [[787, 386], [794, 399], [802, 399], [809, 405], [811, 413], [813, 418], [814, 430], [818, 437], [823, 441], [825, 444], [830, 458], [823, 463], [823, 472], [828, 475], [835, 474], [839, 465], [844, 460], [842, 449], [844, 439], [844, 434], [845, 425], [845, 417], [842, 410], [837, 394], [832, 387], [825, 384], [820, 379], [816, 375], [808, 375], [801, 379], [797, 379]], "group_id": null, "shape_type": "polygon"}], "imagePath": "Hilera_1_4_5_1.avi_frame3720.jpg", "imageData": "test", "imageHeight": 600, "imageWidth": 800}